from_country,to_country,total_points
cy,gr,467
no,se,453
dk,se,449
gr,cy,448
gb,ie,325
fi,se,322
no,dk,307
se,dk,307
se,no,301
is,se,288
gb,se,278
dk,no,277
nl,se,272
be,nl,268
fr,pt,262
es,pt,261
md,ro,257
mk,al,253
ie,gb,252
fr,il,252
de,se,250
is,dk,248
ee,ru,245
ro,md,245
md,ru,245
se,ie,244
ie,se,243
es,de,237
es,it,234
al,gr,230
nl,be,229
lv,ru,229
ie,no,228
pt,es,221
ee,se,219
ch,se,219
nl,dk,218
pt,it,218
be,se,218
am,ru,217
ch,ie,217
by,ua,215
mt,se,214
at,ie,214
by,ru,212
nl,no,211
fi,il,209
il,se,208
be,ie,208
de,tr,208
ch,gb,207
gr,al,206
pt,se,205
fi,ee,204
is,no,202
at,se,200
ie,nl,199
de,nl,198
de,no,197
no,ie,197
ch,it,195
ie,dk,195
fr,nl,195
fr,gb,195
se,fi,194
hr,ba,194
ie,lt,194
dk,de,193
es,gr,192
ch,il,192
dk,nl,192
fi,no,191
de,il,190
fr,tr,190
no,nl,190
se,is,190
at,ch,190
lv,ee,190
lt,lv,189
at,gb,189
at,nl,189
se,nl,189
ch,pt,188
ch,de,187
de,gb,187
ru,az,187
dk,ie,187
ru,am,187
ch,fr,186
be,fr,186
si,rs,185
pt,de,185
nl,il,185
fr,it,184
si,hr,184
fr,se,184
mk,rs,184
be,gb,184
al,mk,183
lv,lt,183
gb,ch,183
es,se,182
fr,es,182
az,ru,182
il,ro,182
lv,se,181
gb,lt,181
si,se,180
gb,il,180
me,rs,179
fr,be,179
md,ua,178
de,ie,178
pt,be,178
ch,nl,177
pt,gb,176
nl,ie,176
ba,hr,176
tr,ba,175
fi,it,175
lu,gb,174
no,fi,174
ch,es,174
mt,it,173
es,ie,172
de,ch,172
gb,dk,171
gr,ru,171
gb,de,171
pl,ua,171
ru,md,170
il,ru,170
be,de,169
fi,is,169
es,ro,169
cy,ru,169
se,gb,168
nl,tr,168
ee,fi,168
ie,de,168
ie,ch,168
no,is,167
no,fr,167
nl,de,167
lt,ru,166
ge,az,166
nl,ch,166
ro,gr,166
md,az,165
is,fi,164
lv,ua,164
no,gb,163
cy,se,163
nl,fr,162
be,il,162
ch,no,162
ie,be,162
dk,is,161
no,il,161
es,il,160
ch,al,160
mk,bg,160
fi,ch,160
il,fr,159
de,fr,159
gb,cy,158
gr,am,158
hr,mk,157
ge,ua,157
be,gr,157
hr,rs,156
rs,hu,156
pt,il,156
ua,by,155
es,gb,155
be,no,155
ie,fr,155
il,gb,155
gb,mt,155
nl,gb,155
ch,tr,154
ie,il,154
fr,de,154
no,ch,153
dk,gb,153
ee,no,152
mk,hr,152
es,be,151
es,nl,151
si,ba,151
se,de,150
de,dk,150
lt,ua,150
gb,at,149
gb,gr,149
de,gr,148
at,fr,148
ru,ua,148
be,at,148
es,fr,148
be,es,147
lt,ge,147
it,fr,147
gr,fr,146
ge,am,146
gb,no,146
ie,at,146
se,fr,146
am,gr,146
fi,ie,144
at,de,144
pt,fr,144
il,ua,144
fi,be,144
mt,gb,144
ua,ru,144
lt,se,144
il,dk,144
ch,rs,143
pt,ie,143
gb,tr,143
fi,gb,143
gb,be,143
fr,am,142
il,nl,142
gr,es,141
nl,am,141
am,ge,141
lt,ee,141
be,tr,140
de,pl,140
de,be,139
az,ua,138
no,lt,138
be,ch,138
gb,nl,138
lt,no,137
ch,at,136
ee,lv,136
ee,dk,136
ro,hu,136
rs,mk,135
fi,fr,135
hr,si,135
il,gr,134
mt,nl,133
ba,tr,133
pl,se,132
mt,ru,132
al,it,132
mt,gr,130
it,gb,130
be,it,129
be,pt,129
fi,nl,129
it,ie,128
ro,ru,128
lv,no,128
se,il,128
il,no,128
fi,ru,128
se,ba,127
de,at,127
pl,no,126
pt,md,126
be,am,126
tr,gb,126
gb,fr,126
il,es,125
dk,ch,125
mk,tr,125
fr,dk,125
de,it,125
dk,be,125
pt,nl,125
mt,az,124
tr,ie,124
lv,dk,124
cy,es,123
at,il,123
nl,gr,123
me,ru,123
at,it,122
ie,lv,122
si,dk,122
fr,ie,122
es,is,122
mt,no,122
se,at,121
ua,md,121
fr,ch,121
am,cy,121
ie,ee,121
me,al,121
lu,fr,121
es,am,121
no,de,120
si,mk,120
cy,bg,120
it,es,120
be,dk,120
hu,nl,119
ee,nl,119
cy,it,119
se,ee,119
mt,il,119
it,ch,119
mt,cy,119
tr,es,118
fr,at,118
si,no,118
de,pt,118
at,dk,118
fi,dk,118
pt,no,117
pt,ua,117
gb,fi,117
ua,az,117
nl,at,117
at,hr,117
de,es,117
mk,ba,116
lu,ie,116
fr,gr,115
cy,il,115
pl,au,115
ie,mt,115
ua,ge,115
is,pt,115
fi,hu,114
ie,it,114
pt,ch,114
ba,mk,114
dk,at,114
ie,fi,114
gr,az,114
al,tr,113
hr,ru,113
hr,mt,113
gr,ro,113
ee,ua,113
ru,no,113
pt,gr,112
bg,gr,112
es,cy,112
hu,dk,112
ru,gr,112
gr,it,112
cy,az,112
hr,hu,112
es,at,111
sm,gr,111
cy,am,111
it,dk,111
it,ua,110
bg,am,110
hu,az,110
es,no,110
ba,si,110
ie,ro,110
ba,rs,110
il,am,110
bg,mk,109
gb,is,109
cz,az,109
se,be,109
hu,is,109
fi,cy,108
mt,ro,108
it,se,108
gr,ie,108
is,nl,108
fi,at,108
at,ba,108
it,de,107
ro,tr,107
ee,hu,107
no,be,107
cy,ua,107
de,ru,107
it,no,107
pt,is,106
mt,ie,106
pl,be,106
il,at,106
at,ru,106
hu,no,106
se,ch,106
lu,ch,106
no,it,105
ie,cy,105
ch,gr,105
nl,pt,105
lt,az,104
by,md,104
il,cy,104
is,cy,104
au,se,104
cy,ie,103
se,ru,103
ie,ru,103
it,md,103
fr,rs,103
is,fr,103
is,ee,103
hu,ru,102
cy,fr,102
it,at,102
ch,mk,102
es,ru,102
am,ua,102
se,pt,101
mc,fr,101
ee,lt,101
by,lt,101
ch,hr,101
es,fi,101
ch,fi,100
rs,ru,100
am,se,100
hr,al,100
se,mt,100
by,no,99
mt,ch,99
gb,bg,99
fi,es,99
se,cy,99
ge,lt,99
il,fi,98
be,is,98
ch,be,98
il,ch,97
az,gr,97
pt,lu,97
tr,se,97
rs,si,97
de,fi,97
se,au,96
gr,at,96
be,cy,96
it,nl,96
de,mt,96
es,dk,96
bg,tr,96
ee,ie,96
pt,at,95
il,ie,95
yu,gb,95
bg,ua,95
pl,hu,95
fi,de,95
ie,lu,95
tr,nl,95
yu,it,94
is,au,94
fi,gr,94
il,be,94
ee,be,93
gb,pt,93
pt,ee,93
is,ru,93
es,mt,93
fr,ro,93
yu,fr,93
fi,pt,93
nl,it,93
tr,mt,93
az,md,93
ie,pl,93
al,az,92
mk,ru,92
at,no,92
dk,au,92
cy,no,92
si,ru,92
by,am,92
is,at,92
ro,se,92
mt,hr,92
mk,ua,92
no,ba,92
mt,dk,92
il,az,92
cy,ro,91
mk,mt,91
fr,no,91
az,il,91
se,tr,91
ge,se,91
is,hu,91
me,si,91
lu,es,91
no,mt,91
ee,is,91
nl,ba,90
dk,tr,90
be,au,89
al,se,89
rs,hr,89
az,ge,89
ro,az,89
dk,fr,89
fr,lu,89
az,mt,89
no,ro,89
si,ua,89
ro,nl,89
ru,by,89
ie,bg,88
it,il,88
al,bg,88
me,az,88
md,am,88
sm,it,88
by,ge,88
no,gr,87
al,cy,87
gr,be,87
at,be,87
ee,at,87
dk,ru,87
rs,ua,87
ua,se,87
lu,de,87
gr,fi,87
ge,by,87
hr,cy,87
be,ru,87
is,ch,87
ro,il,87
it,al,87
gb,lu,87
mt,tr,87
lt,ie,86
hu,se,86
gr,mt,86
at,ro,86
gr,md,86
md,se,86
tr,de,86
es,md,86
dk,ee,86
gr,gb,86
cy,gb,85
gb,pl,85
no,es,85
cz,am,85
mt,ua,85
pt,ro,85
am,mt,85
es,ua,85
it,ro,85
tr,az,84
gr,no,84
ch,ba,84
il,ee,84
se,it,84
il,au,84
nl,es,84
lu,il,84
ro,dk,84
dk,mt,84
nl,cy,83
gb,es,83
gr,ge,83
de,hr,83
mt,bg,83
mc,gb,83
fi,lu,83
pl,si,83
lt,nl,83
il,de,83
by,il,83
lt,by,83
lu,it,82
nl,hu,82
is,be,82
gb,lv,82
is,ie,82
lu,nl,82
hr,ua,82
it,mt,82
no,pl,82
cy,dk,81
yu,ch,81
gr,ch,81
si,be,81
cz,se,81
tr,gr,81
nl,lu,81
gb,ee,81
ee,cy,81
is,il,81
es,bg,81
am,md,81
at,rs,81
no,ru,81
es,ch,80
dk,ua,80
si,nl,80
nl,mt,80
tr,yu,80
no,bg,80
at,es,80
mk,ro,80
dk,cy,80
de,lu,80
by,se,80
it,lu,79
dk,il,79
at,hu,79
no,pt,79
no,au,79
de,ba,79
ua,am,78
lv,be,78
by,bg,78
rs,ba,78
ua,no,78
bg,il,78
nl,ru,78
it,be,78
il,it,78
pl,ru,77
sm,no,77
at,mt,77
ge,ru,77
fr,pl,77
se,lu,77
mt,is,77
de,au,77
pt,dk,77
md,by,77
md,no,77
no,at,77
ua,pl,77
me,ba,77
me,gr,77
sm,nl,76
bg,cy,76
dk,ba,76
gb,au,76
tr,it,76
fr,ee,76
rs,bg,76
is,cz,76
hr,nl,76
ro,no,76
be,lu,76
lu,se,76
tr,am,75
is,de,75
gr,nl,75
de,is,75
al,ba,75
si,at,75
be,ro,75
ch,dk,75
bg,at,75
pl,dk,75
lv,nl,75
fi,au,74
ba,se,74
cy,ch,74
ie,es,74
hr,no,73
az,ro,73
hr,az,73
be,fi,73
gr,pt,73
lv,au,73
mk,si,73
ru,se,73
fr,mt,73
am,fr,73
si,it,73
cy,be,73
il,bg,72
hr,gr,72
at,lu,72
ua,il,72
gb,it,72
sm,se,72
hu,bg,72
tr,mk,72
pl,il,72
sm,az,72
nl,rs,72
al,ru,72
az,al,72
az,tr,72
rs,gr,72
cy,mt,72
tr,at,71
fr,ru,71
ch,is,71
es,lu,71
fr,ba,71
lt,pl,71
gr,bg,71
lt,at,71
hu,gr,71
dk,fi,71
by,az,71
pt,ru,71
au,md,71
at,bg,71
lt,dk,71
ee,mt,70
pt,fi,70
lv,is,70
au,be,70
yu,se,70
ru,ge,70
dk,lv,70
bg,az,70
de,rs,70
at,tr,70
se,gr,70
hr,ie,70
lu,pt,70
yu,lu,69
mt,lv,69
nl,ee,69
gb,yu,69
es,au,69
tr,ua,69
fr,bg,69
rs,me,69
rs,se,69
az,hu,69
bg,rs,69
fr,hu,68
il,yu,68
ru,il,68
ru,ro,68
am,il,68
gr,ua,68
ch,cy,68
cz,ua,68
ba,mt,68
sm,ru,68
gr,il,68
fr,is,68
me,am,68
pl,am,68
no,cy,68
pl,ee,67
is,gr,67
pl,az,67
gb,ua,67
es,cz,67
pl,lv,67
il,mt,67
de,hu,67
yu,nl,67
nl,fi,67
lv,md,67
es,hu,66
by,gr,66
it,pt,66
il,is,66
ch,mt,66
md,gr,66
hr,gb,66
no,rs,66
ru,cy,66
gr,se,66
bg,ru,66
se,hu,65
hu,ro,65
hu,pl,65
it,cy,65
ge,lv,65
il,by,65
lu,be,65
gb,ru,65
me,ua,65
hr,dk,65
tr,ge,65
lv,pt,65
lv,az,64
pl,de,64
hr,cz,64
mk,se,64
ru,ee,64
ru,mt,64
ad,pt,64
hr,it,64
de,bg,64
dk,ro,64
no,lv,64
lv,mt,64
sm,hu,64
yu,ie,64
pt,cy,64
by,ee,64
pl,fi,64
se,es,64
lt,be,64
tr,il,63
si,me,63
be,yu,63
no,ee,63
tr,be,63
ie,is,63
ge,cy,63
be,al,63
ru,be,63
si,lv,63
ba,gr,63
ro,ch,63
fi,mt,63
hu,ua,63
rs,no,63
pl,is,62
fr,au,62
am,nl,62
fr,fi,62
es,ee,62
ch,hu,62
be,pl,62
sm,mt,62
it,pl,62
hu,rs,62
de,lv,62
ua,hu,61
md,au,61
yu,il,61
am,no,61
pl,pt,61
cz,il,61
me,it,61
ro,mt,61
no,lu,61
it,gr,61
ua,hr,61
ru,dk,61
nl,ua,61
ie,gr,61
ie,ua,61
pl,nl,61
mt,es,60
by,pl,60
ad,es,60
fr,mc,60
me,hr,60
at,al,60
is,ua,60
mc,de,60
tr,ch,60
hu,au,60
hr,bg,60
is,az,60
tr,al,60
ru,fr,60
ba,fr,59
de,am,59
al,hu,59
se,rs,59
gr,is,59
ua,lt,59
cy,yu,59
hr,se,59
at,pl,59
cz,ru,59
be,mt,59
cy,pt,59
ro,mk,59
de,ro,59
cs,mk,59
gb,ro,59
no,tr,59
lt,fr,58
be,ua,58
rs,it,58
nl,is,58
mk,gr,58
al,il,58
cy,at,58
cy,md,58
am,by,58
si,ee,58
fr,cy,57
tr,no,57
no,hu,57
hr,il,57
ba,ru,57
rs,au,57
cy,ge,57
pl,lt,57
mc,es,57
by,mt,57
at,gr,57
si,gr,57
by,au,57
nl,az,57
hu,at,57
sm,cy,57
pt,az,56
il,hu,56
me,md,56
ee,bg,56
hu,mt,56
il,md,56
hr,tr,56
de,cy,56
pl,gr,56
az,by,56
de,mc,56
pl,ge,56
lt,ch,56
it,mc,56
si,au,56
al,au,56
gr,ee,56
hr,ch,56
ro,am,56
ro,cy,55
se,ua,55
gb,md,55
es,tr,55
tr,hr,55
hu,ee,55
gb,mc,55
tr,ro,55
lv,ie,55
lv,ge,55
fi,tr,55
is,lv,55
mk,az,55
mk,it,55
is,pl,55
al,es,55
cy,de,55
mc,it,55
at,ee,55
no,ua,54
mc,ch,54
al,no,54
cy,hr,54
ie,pt,54
mk,il,54
pt,mt,54
ba,ua,54
is,mt,54
sm,am,54
es,ad,54
ru,hu,54
mk,nl,54
ro,ua,54
ba,ie,54
me,se,54
lt,is,54
il,lv,54
nl,hr,54
ge,be,53
ge,md,53
se,az,53
ba,az,53
dk,bg,53
ch,lu,53
by,be,53
au,il,53
ee,gb,53
si,cz,53
dk,yu,53
by,is,53
dk,lt,53
se,lv,53
lv,by,53
bg,ro,53
ba,at,53
fi,ba,53
az,no,53
pl,ie,53
md,ge,52
si,bg,52
be,cz,52
rs,md,52
sm,il,52
cz,pt,52
yu,de,52
yu,cy,52
cz,bg,52
ie,yu,52
mt,am,52
be,hu,52
bg,be,52
fr,md,52
mt,at,52
si,md,52
mt,by,51
ua,dk,51
at,is,51
ge,pt,51
si,ch,51
pl,rs,51
se,md,51
is,al,51
me,mk,51
es,yu,51
de,ee,51
sm,al,51
sm,md,51
al,mt,51
nl,ro,51
ge,gr,51
hu,il,51
gr,by,51
mc,ie,51
at,cz,51
be,bg,51
it,ru,51
md,ee,51
md,bg,51
mc,il,50
me,mt,50
gr,rs,50
mt,au,50
no,az,50
dk,hu,50
be,ee,50
ee,fr,50
ru,si,50
cy,nl,50
tr,ru,50
ee,by,50
ee,az,49
il,pt,49
ad,ua,49
mc,nl,49
pt,si,49
am,pt,49
fi,yu,49
pl,fr,49
rs,il,49
au,bg,49
ru,rs,49
si,is,49
ad,fi,49
lu,no,49
al,de,49
si,cy,49
yu,es,49
by,cy,49
tr,bg,49
mk,md,49
cz,hu,48
be,lv,48
il,cz,48
pt,lv,48
fr,az,48
se,ro,48
sm,is,48
sk,mt,48
hu,ie,48
si,il,48
il,ge,48
si,gb,48
si,pt,48
hr,fr,48
lt,it,48
al,pt,48
ro,es,48
cy,is,48
is,yu,48
ee,de,48
tr,pt,48
sk,ee,48
it,au,47
lt,bg,47
hu,cz,47
pt,hu,47
ru,lt,47
md,il,47
ch,au,47
ro,ie,47
ee,cz,47
at,pt,47
cy,ee,47
se,am,47
is,it,47
bg,hu,47
ge,il,47
se,mc,47
me,hu,46
ch,lv,46
pt,lt,46
is,ro,46
ge,ee,46
cy,hu,46
hu,md,46
at,az,46
ro,bg,46
ge,no,46
nl,mc,46
md,pt,46
au,dk,46
lt,il,46
al,ch,46
az,bg,46
de,ua,45
cy,lt,45
lt,mt,45
nl,bg,45
se,pl,45
ua,lv,45
ch,bg,45
se,yu,45
ad,il,45
lv,fi,45
cy,by,45
pt,cz,45
sm,bg,45
il,lu,45
il,si,45
pl,ro,45
ee,ch,45
sk,se,45
gr,dk,45
gr,hu,45
is,gb,44
cy,fi,44
ro,at,44
me,no,44
lv,de,44
au,no,44
hu,cy,44
bg,lt,44
hr,at,44
es,az,44
rs,be,44
mt,be,44
is,hr,44
fi,bg,44
am,me,44
by,rs,44
at,fi,44
sm,ua,44
gr,pl,44
mk,by,44
ba,no,44
az,sm,44
hu,hr,44
si,ie,44
al,me,43
rs,dk,43
mc,be,43
mc,lu,43
pl,md,43
fi,ua,43
nl,pl,43
lu,mc,43
am,cz,43
ie,az,43
cy,rs,43
fr,yu,43
si,az,43
lt,fi,43
ba,al,43
cs,hr,42
yu,tr,42
pl,ch,42
it,az,42
no,yu,42
cz,si,42
si,hu,42
yu,be,42
mt,fi,42
by,lv,42
am,ch,42
il,tr,42
al,be,42
dk,gr,42
fi,cz,42
ee,ge,42
al,ro,42
tr,md,42
au,is,42
si,de,42
mk,no,41
si,pl,41
ua,be,41
mk,am,41
yu,at,41
hu,si,41
ua,ee,41
sk,ba,41
cs,ba,41
mc,fi,41
al,fr,41
pt,hr,41
pt,bg,41
nl,au,41
mt,de,41
hr,pt,41
lt,au,41
cz,au,41
fi,mc,41
cz,cy,40
dk,az,40
bg,by,40
tr,fi,40
ua,bg,40
az,pt,40
dk,md,40
lu,yu,40
pl,at,40
ua,nl,40
me,cy,40
gr,hr,40
be,mc,40
gr,au,40
mt,mk,40
hr,lt,40
ch,lt,40
pl,by,40
ro,be,40
ch,mc,40
nl,yu,40
mt,fr,40
al,nl,40
bg,md,40
fi,lv,39
al,sm,39
se,lt,39
by,cz,39
pl,gb,39
mk,be,39
fi,rs,39
cz,rs,39
at,am,39
md,be,39
ua,tr,39
ro,it,39
ie,si,39
ie,au,39
az,cy,39
mt,sm,39
es,mc,39
am,mk,39
me,sm,39
ru,ie,39
yu,fi,39
si,ro,38
al,hr,38
ru,de,38
cy,au,38
ie,md,38
ie,mc,38
cz,nl,38
nl,si,38
it,fi,38
hu,ch,38
ro,hr,38
hu,gb,38
ba,me,38
dk,es,38
tr,fr,38
ru,gb,38
ua,au,38
mt,ee,38
si,fr,38
ua,fr,38
is,rs,38
be,md,38
cz,pl,38
al,ua,38
lv,pl,37
lv,si,37
bg,ge,37
am,it,37
mk,au,37
by,hu,37
pl,it,37
au,cz,37
ro,rs,37
at,mk,37
rs,mt,37
de,yu,37
be,az,37
gr,de,37
lu,dk,37
fi,si,37
lt,md,37
ge,tr,37
ro,de,37
mt,pt,37
lv,ch,37
ie,hr,37
ie,hu,37
at,yu,37
ge,at,37
al,md,37
hu,be,37
lu,fi,36
az,se,36
mt,lu,36
hr,cs,36
hr,es,36
gr,tr,36
it,rs,36
dk,lu,36
ch,cs,36
by,nl,36
by,hr,36
mc,se,36
it,is,36
by,dk,36
hu,fi,36
at,cs,36
bg,hr,36
dk,it,36
cz,is,36
hu,sm,36
il,hr,36
am,be,36
lt,pt,36
es,hr,35
si,al,35
rs,pt,35
ro,si,35
ru,nl,35
ua,gr,35
hr,de,35
cz,mt,35
rs,cy,35
cs,gr,35
ge,rs,35
at,si,35
lt,gr,35
ru,fi,35
hu,al,35
sm,lv,35
hu,it,35
fr,hr,34
lt,si,34
it,ee,34
al,am,34
cz,be,34
gb,hr,34
by,pt,34
es,si,34
tr,is,34
ge,bg,34
ad,ro,34
pt,au,34
it,bg,34
ge,it,34
lt,cy,34
rs,nl,34
pl,cy,34
ad,gr,34
mt,hu,34
ba,il,34
sm,dk,34
ua,pt,34
lv,it,34
ba,cs,34
at,md,34
mc,dk,34
mk,fi,34
mt,lt,34
si,cs,34
az,mk,34
az,me,34
au,pt,34
ee,au,34
es,pl,33
ba,gb,33
ru,hr,33
fi,md,33
by,ch,33
ge,nl,33
ee,gr,33
ee,ro,33
gb,az,33
lv,at,33
bg,se,33
mk,cy,33
ba,de,33
ch,ro,33
no,hr,33
at,cy,32
no,mc,32
lv,cy,32
si,mt,32
tr,dk,32
ru,pl,32
be,ge,32
dk,pt,32
bg,au,32
lv,hu,32
mk,ee,32
it,yu,32
hu,pt,32
cy,lu,32
pt,rs,32
be,lt,32
is,lt,32
ua,si,32
sm,rs,32
me,ro,32
by,at,32
ad,se,32
md,cy,32
pl,cz,32
yu,mc,32
lt,de,32
lu,mt,31
lv,am,31
me,dk,31
bg,ba,31
si,fi,31
lv,fr,31
pt,mc,31
al,rs,31
sm,gb,31
ru,is,31
fi,al,31
mc,gr,31
al,gb,31
mk,lv,31
az,lv,31
hr,lv,31
mk,dk,31
hu,by,31
dk,al,31
az,it,31
de,si,31
de,al,31
cz,ie,31
fi,pl,31
am,bg,31
sk,gr,31
ge,mt,31
nl,md,31
md,nl,31
ge,au,31
sm,au,31
by,si,31
is,tr,31
pl,bg,31
fr,si,31
pt,yu,30
fr,ua,30
am,at,30
mt,ba,30
de,mk,30
hu,tr,30
fi,ro,30
at,ua,30
nl,lt,30
lv,bg,30
yu,pt,30
ge,dk,30
hr,ee,30
ee,si,30
au,lt,30
cz,md,30
lv,gb,30
md,dk,30
cy,al,30
ch,ru,30
az,lt,30
se,si,30
ru,lv,30
mk,cs,30
is,md,30
cy,cs,30
sk,ua,30
is,si,30
at,au,30
cz,at,30
no,md,30
md,lv,30
ba,es,30
cy,cz,30
ro,au,29
lt,hu,29
ee,pl,29
lu,gr,29
au,ru,29
mt,si,29
fi,am,29
sk,az,29
ch,yu,29
me,bg,29
ee,pt,29
bg,dk,29
mk,hu,29
sm,me,29
hr,md,29
ua,ro,29
pl,mt,29
mt,ge,29
gb,al,29
ua,rs,29
au,gb,29
me,is,29
md,it,29
au,pl,28
mk,cz,28
fr,lv,28
ge,hu,28
ua,mt,28
ru,mk,28
md,rs,28
ee,it,28
mk,gb,28
md,lt,28
mc,ba,28
hu,am,28
md,is,28
md,mk,28
no,si,28
gb,hu,28
se,cs,28
ua,cy,28
az,nl,28
fi,lt,28
ro,pt,28
at,mc,28
au,lv,27
md,hu,27
md,cz,27
mc,no,27
sm,ro,27
md,mt,27
lt,cz,27
me,au,27
ua,mk,27
by,fi,27
mt,al,27
by,ro,27
se,al,27
mt,sk,27
ch,pl,27
sk,no,27
ee,hr,27
mt,md,27
ru,it,27
hr,ro,27
ua,cs,27
il,lt,27
ru,at,27
mk,me,27
rs,lt,27
sk,hr,27
gr,si,27
gr,sm,27
es,lv,27
lt,hr,27
lu,at,27
se,hr,27
yu,no,27
sm,cz,27
sk,ie,27
sk,be,27
gr,cz,27
gb,ge,27
it,si,27
ge,pl,27
tr,lu,26
mc,at,26
ge,cz,26
ad,fr,26
au,rs,26
az,ee,26
hu,ge,26
dk,pl,26
es,rs,26
mt,rs,26
ad,no,26
nl,cs,26
de,md,26
am,is,26
am,ro,26
bg,mt,26
md,at,26
au,fr,26
be,ba,26
sm,be,26
cy,si,26
be,rs,26
mk,ch,26
me,pt,26
am,rs,26
bg,nl,26
is,es,26
me,il,26
au,ua,25
bg,no,25
cz,lv,25
ge,si,25
ge,ro,25
lv,hr,25
lv,gr,25
ba,pl,25
gr,lu,25
es,al,25
ba,am,25
at,by,25
se,bg,25
cz,mk,25
ru,tr,25
ch,ua,25
rs,by,25
ee,il,25
tr,hu,25
is,am,25
cs,ua,25
au,gr,25
sm,pl,25
cz,dk,25
de,cs,25
ro,is,25
am,ee,24
ad,is,24
al,si,24
me,by,24
at,lv,24
md,al,24
gb,mk,24
ba,ro,24
it,lt,24
mc,cy,24
il,mc,24
cy,lv,24
az,ch,24
ie,tr,24
by,al,24
de,ge,24
ie,ba,24
dk,mk,24
az,ba,24
hu,de,24
sm,pt,24
ro,ba,24
fi,az,24
gr,cs,24
ge,sm,24
pl,hr,24
ro,cs,24
ch,ee,24
pt,al,23
it,tr,23
lt,ro,23
it,mk,23
ru,au,23
ch,az,23
il,pl,23
au,ee,23
al,pl,23
al,is,23
hr,au,23
ro,pl,23
nl,lv,23
mk,pt,23
hr,fi,23
au,mt,23
az,cz,23
mc,pt,23
sm,ie,23
lv,ro,22
rs,is,22
rs,ch,22
si,by,22
cs,al,22
lt,gb,22
dk,si,22
dk,rs,22
hu,lv,22
ua,ba,22
be,si,22
rs,ro,22
ba,be,22
md,fi,22
tr,ee,22
cz,by,22
cz,ba,22
ru,ch,22
by,mk,22
al,fi,22
ru,es,22
ro,fi,22
lv,il,22
ad,ru,22
au,cy,22
ba,cz,22
au,nl,21
fr,al,21
by,ba,21
md,sm,21
rs,az,21
md,ba,21
pl,es,21
cy,pl,21
sm,si,21
no,al,21
il,mk,21
pt,tr,21
bg,cz,21
sk,rs,21
rs,ee,21
fi,hr,21
bg,al,21
az,pl,21
no,mk,21
ee,md,21
mt,pl,21
ba,nl,21
bg,de,21
fi,ge,20
ee,sm,20
ro,gb,20
fi,cs,20
cz,ee,20
pl,ba,20
al,ie,20
cz,it,20
rs,cz,20
ro,al,20
de,az,20
gr,ba,20
az,au,20
cz,no,20
si,es,20
pt,ba,20
ba,fi,20
az,si,20
by,cs,20
pt,am,20
md,me,19
es,sm,19
ru,al,19
pl,al,19
si,lt,19
be,hr,19
cz,hr,19
ad,nl,19
am,ba,19
se,cz,19
bg,gb,19
au,si,19
de,lt,19
lu,tr,19
bg,pl,19
md,hr,19
sm,tr,19
sk,is,19
sk,de,19
au,ie,19
is,by,19
ba,ee,19
fr,cz,19
me,be,18
ba,bg,18
gb,si,18
ad,dk,18
ge,fr,18
rs,de,18
hr,is,18
nl,mk,18
md,ch,18
fr,by,18
al,dk,18
ad,mt,18
sm,hr,18
gr,yu,18
tr,si,18
gr,me,18
si,tr,18
sk,cy,18
hu,es,18
se,mk,18
mt,me,18
mc,yu,18
am,dk,18
by,it,18
pt,ge,18
si,am,18
by,tr,18
ie,cz,18
is,ba,18
cz,ge,18
az,dk,17
sm,fi,17
hr,me,17
it,lv,17
al,cs,17
az,hr,17
yu,gr,17
yu,mt,17
ad,hu,17
hr,by,17
it,ge,17
rs,at,17
bg,fr,17
bg,fi,17
rs,ge,17
sm,ge,17
az,be,17
az,ie,17
sm,lt,17
ro,ee,17
sk,gb,17
am,hr,17
pt,cs,17
dk,cs,17
ad,mc,17
nl,cz,16
mk,lt,16
au,mk,16
no,cz,16
mk,ie,16
sk,dk,16
ru,cs,16
fr,cs,16
no,cs,16
gb,ba,16
am,tr,16
sk,md,16
gb,cz,16
gr,mc,16
ua,at,16
al,ee,16
rs,am,16
al,at,16
au,hu,16
si,ge,16
dk,mc,16
mc,hr,16
pt,pl,16
lt,tr,16
hr,ge,16
lt,rs,16
me,tr,15
au,it,15
is,bg,15
ge,de,15
hu,fr,15
ro,fr,15
fr,mk,15
cs,fi,15
ee,am,15
au,fi,15
gb,am,15
is,ge,15
me,nl,15
ad,az,15
pt,by,15
mt,cz,15
md,si,15
me,cz,15
hr,be,15
mk,fr,15
cz,al,15
mc,ua,15
il,cs,15
it,hu,15
am,gb,15
se,me,15
ru,ba,15
lv,cz,15
gr,lv,15
cz,fi,15
cz,gb,15
au,de,15
se,ge,15
ad,tr,15
mk,ge,15
bg,ee,15
tr,cs,15
sm,de,14
ro,by,14
ie,by,14
ua,sk,14
bg,si,14
au,es,14
am,fi,14
mc,cs,14
fi,by,14
al,lt,14
ba,hu,14
es,lt,14
mk,at,14
am,sm,14
it,sm,14
cs,si,14
bg,pt,14
am,pl,14
ie,ge,14
ua,cz,14
ee,tr,14
ie,rs,14
ch,md,14
cs,hu,14
hr,pl,14
es,cs,14
hr,am,13
md,fr,13
md,es,13
au,ge,13
hu,lt,13
ro,lv,13
cz,gr,13
ba,au,13
ge,is,13
ge,al,13
il,rs,13
ge,ch,13
lv,rs,13
lv,mk,13
lv,es,13
lu,is,13
ee,rs,13
bg,ie,13
il,al,13
ee,es,13
ua,fi,13
nl,ge,13
sk,il,13
sk,pt,13
am,es,13
mk,pl,13
al,by,13
am,au,13
ad,lt,13
es,ge,13
mk,sm,13
sm,ee,13
md,pl,13
sm,ch,13
ba,pt,12
ad,lv,12
ba,it,12
lt,es,12
sm,fr,12
ba,dk,12
de,cz,12
is,sm,12
rs,al,12
cs,ru,12
cs,ro,12
ua,me,12
pt,me,12
ch,si,12
ua,ie,12
hu,mk,12
es,ba,12
cy,tr,12
az,rs,12
me,fr,12
ma,tr,12
sm,at,12
cz,sm,12
az,at,12
by,ie,11
bg,is,11
au,ro,11
md,tr,11
cz,ch,11
it,am,11
mc,lt,11
by,fr,11
il,sm,11
by,sm,11
gr,lt,11
mt,mc,11
ch,cz,11
ie,mk,11
mc,ro,11
cs,md,11
ie,al,11
mc,tr,11
au,at,11
am,de,11
it,ba,11
mk,is,11
au,am,11
sk,at,11
gb,rs,11
mk,de,11
ba,sk,11
pl,tr,11
lv,al,11
ro,cz,11
gb,cs,11
bg,ch,11
ge,hr,11
am,hu,10
md,de,10
dk,hr,10
ad,pl,10
cy,sm,10
rs,fr,10
ma,de,10
mc,mt,10
rs,gb,10
fr,ge,10
sk,hu,10
pt,ad,10
lv,cs,10
mt,yu,10
ba,md,10
lt,am,10
mt,cs,10
be,cs,10
ro,lt,10
fr,lt,10
mc,lv,10
tr,cy,10
ba,sm,10
ua,de,10
ua,gb,9
fi,mk,9
ro,sm,9
cs,se,9
bg,es,9
pt,sk,9
is,lu,9
az,fr,9
au,sm,9
sk,si,9
ba,is,9
au,az,9
md,ie,9
it,me,9
is,mk,9
sk,ru,9
ad,ch,9
ru,sm,9
sk,pl,9
ua,it,9
ie,cs,9
dk,am,8
me,ee,8
ad,be,8
ru,me,8
ee,ad,8
fi,sm,8
au,by,8
au,ch,8
tr,pl,8
nl,al,8
cz,me,8
ad,si,8
ad,at,8
cz,lt,8
ma,gb,8
ru,cz,8
tr,by,8
ua,is,8
hr,sk,8
ba,by,8
ba,ch,8
pl,mk,8
gr,mk,8
il,me,8
by,de,8
it,by,8
lu,cy,8
sk,lt,7
ch,am,7
sk,ro,7
sk,am,7
rs,sk,7
ua,al,7
az,gb,7
cy,ba,7
yu,dk,7
rs,pl,7
ua,ch,7
cz,tr,7
au,me,7
cz,ad,7
cz,fr,7
az,is,7
no,am,7
rs,fi,7
md,sk,7
gr,sk,7
it,ma,7
nl,ad,7
fr,me,7
ma,ch,7
is,cs,7
es,by,7
sm,mk,7
ro,me,7
ge,gb,7
mc,si,7
pl,ad,7
lt,ba,7
ua,es,6
sm,ba,6
cs,cy,6
pt,sm,6
sk,nl,6
cs,il,6
me,pl,6
il,ad,6
cs,lt,6
cs,no,6
ge,mk,6
tr,lv,6
ie,sk,6
by,gb,6
al,ad,6
il,ba,6
is,ad,6
cy,me,6
it,hr,6
bg,it,6
am,al,6
pl,sm,6
me,es,6
am,lt,6
az,fi,6
az,de,6
ma,se,6
am,si,6
mc,is,6
ad,ie,6
ad,al,6
ad,cy,6
ro,ge,6
rs,sm,6
dk,cz,6
nl,by,6
rs,lv,6
nl,me,6
cz,ro,6
ee,sk,6
ad,gb,6
al,ge,5
fi,ad,5
is,sk,5
ba,ge,5
dk,ge,5
tr,sm,5
pl,sk,5
ba,lv,5
by,me,5
me,fi,5
cy,mk,5
me,ch,5
pt,mk,5
es,me,5
am,lv,5
ma,es,5
si,ad,5
sk,it,5
md,gb,5
mc,ee,5
sk,mk,5
pl,cs,5
at,sm,5
dk,me,5
dk,by,5
me,lv,5
ad,md,5
fr,sm,5
ad,de,5
mk,es,5
tr,me,5
tr,mc,5
ie,ad,5
yu,is,4
cs,ee,4
bg,cs,4
be,sk,4
az,es,4
be,by,4
lt,mk,4
ru,ad,4
lv,ba,4
ma,no,4
sk,by,4
ua,sm,4
sk,al,4
ba,lt,4
gb,by,4
lv,sm,4
gr,ad,4
am,ie,4
hu,me,4
tr,lt,4
cy,mc,4
me,ie,4
md,ad,4
me,ge,4
mc,mk,4
ie,am,4
sk,es,4
ru,pt,4
sk,ch,4
se,by,4
no,by,4
nl,sm,4
by,ad,4
it,cz,4
ru,bg,4
al,sk,4
mc,al,3
cz,de,3
ad,am,3
hr,sm,3
ee,al,3
se,sk,3
ma,at,3
ch,me,3
sk,tr,3
rs,tr,3
me,at,3
si,sk,3
fi,me,3
mk,sk,3
al,cz,3
mt,ad,3
by,sk,3
ad,cs,3
si,sm,3
at,sk,3
no,me,3
lt,cs,3
ro,sk,3
tr,ad,3
at,lt,3
am,az,3
rs,ie,3
me,lt,3
no,ge,2
ad,sm,2
me,gb,2
md,mc,2
at,ge,2
sk,fi,2
al,mc,2
ee,mk,2
be,sm,2
de,me,2
cs,is,2
cs,tr,2
au,hr,2
hu,cs,2
cs,ch,2
ge,es,2
ch,ge,2
ge,ba,2
se,ad,2
ch,by,2
fi,sk,2
is,me,2
de,by,2
by,es,2
lt,ad,2
lv,tr,2
ee,mc,2
ma,dk,2
ee,ba,2
rs,es,2
no,ad,2
ba,cy,2
lv,me,2
es,sk,2
hr,ad,2
fr,sk,1
ad,ba,1
mk,ad,1
sm,es,1
ge,fi,1
ee,cs,1
de,sm,1
cs,nl,1
md,cs,1
ad,me,1
bg,lv,1
mc,by,1
ma,fr,1
pl,mc,1
si,lu,1
sm,by,1
lt,al,1
hu,ba,1
al,lv,1
tr,cz,1
ru,sk,1
cs,bg,1
cs,ie,1
tr,rs,0
tr,ma,0
ua,ad,0
tr,sk,0
ua,mc,0
ua,ua,0
sk,sk,0
sm,ad,0
tr,tr,0
sm,sm,0
ad,ad,0
sk,lv,0
de,ad,0
cz,cz,0
cy,sk,0
cy,cy,0
cy,ad,0
cs,pt,0
cs,pl,0
cs,mt,0
cs,mc,0
cs,lv,0
cs,gb,0
cs,fr,0
cs,es,0
cs,dk,0
cs,de,0
cs,cs,0
cs,by,0
cs,be,0
cs,at,0
cs,am,0
cz,es,0
de,de,0
sk,ge,0
de,ma,0
gb,ma,0
gb,gb,0
gb,ad,0
fr,ma,0
fr,fr,0
fr,ad,0
fi,ma,0
fi,fi,0
es,mk,0
es,ma,0
es,es,0
ee,me,0
ee,ee,0
dk,sm,0
dk,sk,0
dk,ma,0
dk,dk,0
dk,ad,0
de,sk,0
cs,ad,0
ch,sm,0
ch,sk,0
ch,ma,0
az,ad,0
au,au,0
au,al,0
at,me,0
at,ma,0
at,at,0
at,ad,0
am,mc,0
am,am,0
am,ad,0
al,al,0
ad,rs,0
ad,mk,0
ad,hr,0
ad,ge,0
ad,ee,0
ad,cz,0
ad,by,0
ad,bg,0
az,am,0
az,az,0
az,sk,0
bg,bg,0
ch,ch,0
ch,ad,0
by,mc,0
by,by,0
bg,sm,0
bg,sk,0
bg,me,0
bg,mc,0
bg,ad,0
ba,ad,0
be,mk,0
be,me,0
be,ma,0
be,be,0
be,ad,0
ba,mc,0
ba,lu,0
ba,ba,0
gb,me,0
gb,sk,0
gb,sm,0
ma,ma,0
nl,sk,0
nl,nl,0
nl,ma,0
mt,mt,0
mk,mk,0
mk,mc,0
me,me,0
me,de,0
me,ad,0
md,md,0
mc,ru,0
mc,pl,0
mc,md,0
mc,mc,0
mc,hu,0
mc,bg,0
mc,am,0
mc,ad,0
ma,pt,0
no,ma,0
no,no,0
no,sk,0
ru,mc,0
sk,fr,0
sk,bg,0
si,si,0
si,mc,0
se,sm,0
se,se,0
se,ma,0
ru,ru,0
rs,rs,0
no,sm,0
rs,ad,0
ro,ro,0
ro,mc,0
ro,ad,0
pt,pt,0
pt,ma,0
pl,pl,0
pl,me,0
ma,nl,0
ma,lu,0
ge,ad,0
ma,it,0
il,sk,0
il,il,0
ie,sm,0
ie,me,0
ie,ma,0
ie,ie,0
hu,sk,0
hu,mc,0
hu,hu,0
hu,ad,0
hr,mc,0
hr,lu,0
hr,hr,0
gr,ma,0
gr,gr,0
ge,sk,0
ge,me,0
ge,ie,0
ge,ge,0
is,is,0
is,mc,0
it,it,0
lu,si,0
ma,ie,0
ma,gr,0
ma,fi,0
ma,be,0
lv,sk,0
lv,mc,0
lv,lv,0
lv,ad,0
lu,ma,0
it,sk,0
lu,lu,0
lu,hr,0
lu,ba,0
lt,sm,0
lt,sk,0
lt,me,0
lt,mc,0
lt,lt,0
yu,yu,0
